<?xml version="1.0" encoding="UTF-8"?>
<project-private xmlns="http://www.netbeans.org/ns/project-private/1">
    <editor-bookmarks xmlns="http://www.netbeans.org/ns/editor-bookmarks/2" lastBookmarkId="0"/>
    <open-files xmlns="http://www.netbeans.org/ns/projectui-open-files/2">
        <group>
            <file>file:/C:/Users/baohc/Desktop/PRO192/Workshop/Workshop5/OrganizationManager/src/DTO/Organization.java</file>
            <file>file:/C:/Users/baohc/Desktop/PRO192/Workshop/Workshop5/OrganizationManager/src/GUI/Tester.java</file>
            <file>file:/C:/Users/baohc/Desktop/PRO192/Workshop/Workshop5/OrganizationManager/src/DTO/Colony.java</file>
            <file>file:/C:/Users/baohc/Desktop/PRO192/Workshop/Workshop5/OrganizationManager/src/DTO/FPTUniversity.java</file>
            <file>file:/C:/Users/baohc/Desktop/PRO192/Workshop/Workshop5/OrganizationManager/src/DTO/BeeColony.java</file>
            <file>file:/C:/Users/baohc/Desktop/PRO192/Workshop/Workshop5/OrganizationManager/src/DTO/University.java</file>
        </group>
    </open-files>
</project-private>
